Name,Description
TechNova Solutions,Provides innovative tech solutions for businesses.
EcoGreen Industries,Specializes in eco-friendly products and services.
HealthFirst Medical,Offers top-notch healthcare services and products.
EduSmart Learning,Provides online education and training programs.
FinTrust Advisors,Offers financial consulting and investment services.
BuildRight Construction,Specializes in residential and commercial construction.
TravelEase Agency,Provides travel planning and booking services.
FoodFusion Catering,Offers gourmet catering services for events.
StyleMaven Fashion,Designs and sells trendy fashion apparel.
CleanSweep Services,Provides professional cleaning services.
BrightFuture Solar,Specializes in solar energy solutions.
SafeGuard Security,Offers security systems and services.
GreenThumb Landscaping,Provides landscaping and gardening services.
TechWave Innovations,Develops cutting-edge technology products.
PureWater Solutions,Offers water purification and filtration systems.
SmartHome Automation,Specializes in home automation systems.
QuickFix Repairs,Provides repair services for electronics and appliances.
EliteFitness Gym,Offers fitness training and gym facilities.
FreshBites Bakery,Bakes and sells fresh pastries and bread.
UrbanLiving Realty,Specializes in real estate services.
NextGen Robotics,Develops advanced robotics solutions.
AquaLife Aquarium,Provides aquarium products and services.
BrightIdeas Marketing,Offers marketing and advertising services.
SafeRide Transport,Provides transportation and logistics services.
EcoClean Products,Specializes in eco-friendly cleaning products.
TechSavvy Consulting,Offers IT consulting and support services.
HealthyHabits Nutrition,Provides nutritional products and advice.
HomeComfort Furniture,Sells comfortable and stylish furniture.
SmartTech Gadgets,Offers the latest tech gadgets and accessories.
GreenEnergy Solutions,Specializes in renewable energy solutions.
QuickPrint Services,Provides printing and copying services.
BrightSmile Dental,Offers dental care and services.
UrbanStyle Decor,Provides home decor and interior design services.
TechPro Repairs,Specializes in tech repair services.
EcoFriendly Packaging,Offers eco-friendly packaging solutions.
SmartMove Relocation,Provides relocation and moving services.
FreshStart Cleaning,Offers professional cleaning services.
BrightFuture Education,Provides educational programs and tutoring.
SafeHome Security,Specializes in home security systems.
GreenEarth Landscaping,Offers landscaping and gardening services.
TechGenius Solutions,Develops innovative tech solutions.
PureAir Purification,Provides air purification systems.
SmartLiving Automation,Specializes in home automation solutions.
QuickFix Electronics,Offers electronics repair services.
EliteHealth Fitness,Provides fitness training and gym facilities.
FreshBake Bakery,Bakes and sells fresh pastries and bread.
UrbanNest Realty,Specializes in real estate services.
NextLevel Robotics,Develops advanced robotics solutions.
AquaWorld Aquarium,Provides aquarium products and services.
Enovo Energy,Specializes in renewable energy solutions.